{
    "Mappings": [
        {
            "EventType": "GDSTFishingEvent",
            "Selectors": [
                {
                    "Database": "BEP",
                    "Selector": "SELECT idBitacore, inicioLance, matricula, ",
                    "AuditField": "Audit_CreatedBy"
                }
            ],
            "IdentityFields": [
                "$idBitacore"
            ],
            "EventMapping": {
                "EventId": "$idBitacore",
                "EventTime": "$inicioLance",
                "Location": {
                    "Identifiers": "$matricula",
                    "RegistrationNumber": "$matricula",
                    "Name": "$nombreEmbarcacion",
                    "Country": "Dictionary($embarcacionPais, VesselCountry)"
                },
                "Product": {
                    "Name": "$nombreEspecie",
                    "LotNumber": "LotNumber($inicioLance, $matricula)",
                    "ProductForm": "Dictionary($tipoProducto, ProductType)",
                    "Species": "Dictionary($nombreEspecieScientifico)",
                    "Quantity": "$unidadPeso",
                    "UoM": "Dictionary($unidadMedida, ProductUnitOfMeasure)"
                },
                "CatchInformation":
                {
                    "GearType": "Dictionary($nombreArte, FishingGearType)"
                },
                "Certificates": {
                    "FishingAuthorization": {
                        "Identifier": "$permisoPesca"
                    }
                }
            }
        }
    ],
    "Connections": {
        "BEP" :{
            "Name": "BEP",
            "ConnectionString": "Server=10.5.1.35;Database=bep;Trusted_Connection=True;used id=plenumsoft-philip;password=w7JfBC9xc1;"
        }
    }
}