TableName,ColumnName,DataType,MaxLength,IsNullable,ColumnDefault,ConstraintType
Armador,IdArmador,int,4,0,NULL,PRIMARY KEY
Armador,IdTipoIdentificacion,varchar,3,0,NULL,NULL
Armador,Identificacion,varchar,13,0,NULL,NULL
Armador,Apellidos,varchar,80,1,(NULL),NULL
Armador,Nombres,varchar,80,1,(NULL),NULL
Armador,Email,varchar,50,1,(NULL),NULL
Armador,Celular,varchar,15,1,(NULL),NULL
Armador,Usuario,varchar,45,1,(NULL),NULL
Armador,Clave,varchar,45,1,(NULL),NULL
Armador,Estado,varchar,5,1,(NULL),NULL
Armador,FechaRegistro,datetime,8,1,(getdate()),NULL
Armador,FechaUltimoLogin,datetime,8,1,(NULL),NULL
Armador,PermisoApp,tinyint,1,1,('1'),NULL
Armador,SoloLectura,tinyint,1,1,('0'),NULL
Armador,IdRegistro,varchar,8,1,(NULL),NULL
Armador,FormatoCoordenadas,varchar,8,1,('DEC'),NULL
Armador,Administrador,tinyint,1,1,('0'),NULL
Armador,RazonSocial,varchar,150,1,(NULL),NULL
ArtePesca,IdSector,int,4,0,NULL,PRIMARY KEY
ArtePesca,IdSubSector,int,4,0,NULL,PRIMARY KEY
ArtePesca,IdArtePesca,int,4,0,NULL,PRIMARY KEY
ArtePesca,Nombre,varchar,45,1,(NULL),NULL
ArtePesca,Caracteristicas,varchar,200,1,(NULL),NULL
ArtePesca,RegistraInicioPesca,tinyint,1,1,('1'),NULL
ArtePesca,RegistraFinPesca,tinyint,1,1,('1'),NULL
ArtePesca,RegistraCoordenadasInicioPesca,tinyint,1,1,('0'),NULL
ArtePesca,RegistraCoordenadasFinPesca,tinyint,1,1,('0'),NULL
ArtePesca,RegistraAperturaBitacora,tinyint,1,1,('1'),NULL
ArtePesca,RegistraCierreBitacora,tinyint,1,1,('1'),NULL
ArtePesca,RegistraCoordenadasAperturaBitacora,tinyint,1,1,('1'),NULL
ArtePesca,RegistraCoordenadasCierreBitacora,tinyint,1,1,('1'),NULL
ArtePesca,DeclaracionZonaPesca,varchar,5,1,('10'),NULL
ArtePesca,RegistraCantidadArte,tinyint,1,1,('0'),NULL
ArtePesca,UnidadPeso,varchar,3,1,('lb'),NULL
ArtePesca,CantidadMaximaLancesAbiertos,int,4,1,('1'),NULL
ArtePesca,CantidadMaximaLancesSinRegistroCaptura,int,4,1,('99'),NULL
ArtePesca,Estado,varchar,3,1,('A'),NULL
ArtePesca,MostrarEnApp,smallint,2,1,('1'),NULL
Bitacora,IdBitacora,int,4,0,NULL,PRIMARY KEY
Bitacora,CodigoBitacora,varchar,45,1,NULL,NULL
Bitacora,IdEmbarcacion,int,4,1,NULL,NULL
Bitacora,Bitacora,nvarchar,8000,1,NULL,NULL
Bitacora,FechaHoraInicio,datetime,8,0,NULL,NULL
Bitacora,FechaHoraRegistro,datetime,8,0,NULL,NULL
Bitacora,IdArmador,int,4,1,NULL,NULL
Bitacora,Enviada,tinyint,1,1,NULL,NULL
Capitan,IdCapitan,int,4,0,NULL,PRIMARY KEY
Capitan,IdTipoIdentificacion,varchar,3,1,(NULL),NULL
Capitan,Identificacion,varchar,15,1,(NULL),NULL
Capitan,Nombres,varchar,80,1,(NULL),NULL
Capitan,Apellidos,varchar,80,1,(NULL),NULL
Capitan,Direccion,varchar,45,1,(NULL),NULL
Capitan,Celular,varchar,15,1,(NULL),NULL
Capitan,Email,varchar,45,1,(NULL),NULL
Capitan,Usuario,varchar,45,1,('A'),NULL
Capitan,Clave,varchar,45,1,(NULL),NULL
Capitan,Estado,varchar,5,1,(NULL),NULL
Capitan,FechaRegistro,datetime,8,1,(getdate()),NULL
Capitan,IdArmador,int,4,1,(NULL),NULL
Capitan,token,varchar,40,1,(NULL),NULL
Capitan,token_password,varchar,100,1,(NULL),NULL
Capitan,password_request,int,4,1,('0'),NULL
CapitanEmbarcacion,IdCapitan,int,4,0,NULL,PRIMARY KEY
CapitanEmbarcacion,IdEmbarcacion,int,4,0,NULL,PRIMARY KEY
CapitanEmbarcacion,FechaIngreso,datetime,8,1,(getdate()),NULL
Embarcacion,IdEmbarcacion,int,4,0,NULL,PRIMARY KEY
Embarcacion,IdArmador,int,4,1,(NULL),NULL
Embarcacion,Nombre,varchar,100,1,(NULL),NULL
Embarcacion,Matricula,varchar,45,1,(NULL),NULL
Embarcacion,PermisoPesca,varchar,45,1,(NULL),NULL
Embarcacion,FechaVigenciaPermisoPesca,date,3,1,NULL,NULL
Embarcacion,Estado,varchar,5,1,(NULL),NULL
Embarcacion,FechaRegistro,datetime,8,1,NULL,NULL
Embarcacion,Pais,varchar,3,1,('EC'),NULL
EmbarcacionSectorSubSectorArtePesca,IdEmbarcacion,int,4,0,NULL,PRIMARY KEY
EmbarcacionSectorSubSectorArtePesca,IdSector,int,4,0,NULL,PRIMARY KEY
EmbarcacionSectorSubSectorArtePesca,IdSubSector,int,4,0,NULL,PRIMARY KEY
EmbarcacionSectorSubSectorArtePesca,IdArtePesca,int,4,0,NULL,PRIMARY KEY
EmbarcacionSectorSubSectorArtePesca,FechaRegistro,datetime,8,1,(getdate()),NULL
EspecieIncidental,IdOrder,int,4,0,NULL,NULL
EspecieIncidental,IdSector,int,4,0,NULL,PRIMARY KEY
EspecieIncidental,IdSubSector,int,4,0,NULL,PRIMARY KEY
EspecieIncidental,IdArtePesca,int,4,0,NULL,PRIMARY KEY
EspecieIncidental,IdEspecieIncidental,int,4,0,NULL,PRIMARY KEY
EspecieIncidental,NombreComun,varchar,45,1,(NULL),NULL
EspecieIncidental,NombreCientifico,varchar,100,1,(NULL),NULL
EspecieIncidental,Grupo,tinyint,1,1,('0'),NULL
EspecieIncidental,RegistraPesoCaptura,tinyint,1,1,('1'),NULL
EspecieIncidental,RegistraConteoIndividual,tinyint,1,1,('0'),NULL
EspecieIncidental,UnidadPeso,varchar,3,1,('lb'),NULL
EspecieIncidental,MostrarEnApp,tinyint,1,1,('1'),NULL
EspecieObjetivo,IdOrder,int,4,0,NULL,NULL
EspecieObjetivo,IdSector,int,4,0,NULL,PRIMARY KEY
EspecieObjetivo,IdSubSector,int,4,0,NULL,PRIMARY KEY
EspecieObjetivo,IdArtePesca,int,4,0,NULL,PRIMARY KEY
EspecieObjetivo,IdEspecieObjectivo,int,4,0,NULL,PRIMARY KEY
EspecieObjetivo,NombreComun,varchar,45,1,(NULL),NULL
EspecieObjetivo,NombreCientifico,varchar,100,1,(NULL),NULL
EspecieObjetivo,Grupo,tinyint,1,1,('0'),NULL
EspecieObjetivo,RegistraPesoCaptura,tinyint,1,1,(NULL),NULL
EspecieObjetivo,RegistraConteoIndividual,tinyint,1,1,(NULL),NULL
EspecieObjetivo,UnidadPeso,varchar,3,1,('lb'),NULL
EspecieObjetivo,MostrarEnApp,tinyint,1,1,('1'),NULL
Puerto,IdPuerto,int,4,0,NULL,PRIMARY KEY
Puerto,Nombre,varchar,45,1,(NULL),NULL
Puerto,IdRegion,int,4,1,(NULL),NULL
PuertoSectorSubSectorArtePesca,IdSector,int,4,0,NULL,PRIMARY KEY
PuertoSectorSubSectorArtePesca,IdSubSector,int,4,0,NULL,PRIMARY KEY
PuertoSectorSubSectorArtePesca,IdArtePesca,int,4,0,NULL,PRIMARY KEY
PuertoSectorSubSectorArtePesca,IdPuerto,int,4,0,NULL,PRIMARY KEY
ResultadoLanceBitacora,idResultadoLanceBitacora,int,4,0,NULL,PRIMARY KEY
ResultadoLanceBitacora,idBitacora,int,4,1,NULL,NULL
ResultadoLanceBitacora,codBitacora,varchar,100,1,NULL,NULL
ResultadoLanceBitacora,inicioBitacora,datetime,8,1,NULL,NULL
ResultadoLanceBitacora,finBitacora,datetime,8,1,NULL,NULL
ResultadoLanceBitacora,codPuertoInicio,int,4,1,NULL,NULL
ResultadoLanceBitacora,puertoInicio,varchar,100,1,NULL,NULL
ResultadoLanceBitacora,codPuertoFin,int,4,1,NULL,NULL
ResultadoLanceBitacora,puertoFin,varchar,100,1,NULL,NULL
ResultadoLanceBitacora,latitudInicio,varchar,100,1,NULL,NULL
ResultadoLanceBitacora,longitudInicio,varchar,100,1,NULL,NULL
ResultadoLanceBitacora,latitudFin,varchar,100,1,NULL,NULL
ResultadoLanceBitacora,longitudFin,varchar,100,1,NULL,NULL
ResultadoLanceBitacora,identificacionCapitan,varchar,15,1,NULL,NULL
ResultadoLanceBitacora,idCapitan,int,4,1,NULL,NULL
ResultadoLanceBitacora,nombresCapitan,varchar,80,1,NULL,NULL
ResultadoLanceBitacora,apellidosCapitan,varchar,80,1,NULL,NULL
ResultadoLanceBitacora,emailCapitan,varchar,45,1,NULL,NULL
ResultadoLanceBitacora,celularCapitan,varchar,15,1,NULL,NULL
ResultadoLanceBitacora,direccionCapitan,varchar,45,1,NULL,NULL
ResultadoLanceBitacora,idEmbBEP,int,4,1,NULL,NULL
ResultadoLanceBitacora,matricula,varchar,45,1,NULL,NULL
ResultadoLanceBitacora,tpRegistro,varchar,3,1,NULL,NULL
ResultadoLanceBitacora,nr_Folio,int,4,1,NULL,NULL
ResultadoLanceBitacora,nombreEmbarcacion,varchar,100,1,NULL,NULL
ResultadoLanceBitacora,permisoPesca,varchar,45,1,NULL,NULL
ResultadoLanceBitacora,fechaVigenciaPermisoPesca,varchar,45,1,NULL,NULL
ResultadoLanceBitacora,nrLance,int,4,1,NULL,NULL
ResultadoLanceBitacora,inicioLance,datetime,8,1,NULL,NULL
ResultadoLanceBitacora,finLance,datetime,8,1,NULL,NULL
ResultadoLanceBitacora,codArte,int,4,1,NULL,NULL
ResultadoLanceBitacora,nombreArte,varchar,45,1,NULL,NULL
ResultadoLanceBitacora,observaciones,varchar,2000,1,NULL,NULL
ResultadoLanceBitacora,zonaPescaInicio,varchar,100,1,NULL,NULL
ResultadoLanceBitacora,capturaGrupalTotal,decimal,5,1,NULL,NULL
ResultadoLanceBitacora,latitudInicioLance,varchar,100,1,NULL,NULL
ResultadoLanceBitacora,longitudInicioLance,varchar,100,1,NULL,NULL
ResultadoLanceBitacora,latitudFinLance,varchar,100,1,NULL,NULL
ResultadoLanceBitacora,longitudFinLance,varchar,100,1,NULL,NULL
ResultadoLanceBitacora,nrLanceRecurso,int,4,1,NULL,NULL
ResultadoLanceBitacora,tipoPesca,varchar,1,1,NULL,NULL
ResultadoLanceBitacora,nombrePesca,varchar,45,1,NULL,NULL
ResultadoLanceBitacora,pesoRecurso,decimal,9,1,NULL,NULL
ResultadoLanceBitacora,cantidadRecurso,int,4,1,NULL,NULL
ResultadoLanceBitacora,codigoEspecie,int,4,1,NULL,NULL
ResultadoLanceBitacora,nombreEspecie,varchar,200,1,NULL,NULL
ResultadoLanceBitacora,secuencia,int,4,1,NULL,NULL
ResultadoLanceBitacora,unidadPeso,varchar,45,1,NULL,NULL
ResultadoLanceBitacora,nombreEspecieCientifico,varchar,200,1,NULL,NULL
ResultadoLanceBitacora,AvisoRecalada,int,4,1,NULL,NULL
Sector,IdSector,int,4,0,NULL,PRIMARY KEY
Sector,Nombre,varchar,45,1,(NULL),NULL
Sector,Descripcion,varchar,45,1,(NULL),NULL
Sector,Ambito,varchar,45,1,(NULL),NULL
SubSector,IdSector,int,4,0,NULL,PRIMARY KEY
SubSector,IdSubSector,int,4,0,NULL,PRIMARY KEY
SubSector,Nombre,varchar,45,1,(NULL),NULL
SubSector,Descripcion,varchar,45,1,(NULL),NULL
SubSector,Ambito,varchar,45,1,(NULL),NULL
ZonaPesca,IdZonaPesca,int,4,0,NULL,PRIMARY KEY
ZonaPesca,Nombre,varchar,45,1,(NULL),NULL
ZonaPescaSectorSubSectorArtePesca,IdSector,int,4,0,NULL,PRIMARY KEY
ZonaPescaSectorSubSectorArtePesca,IdSubsector,int,4,0,NULL,PRIMARY KEY
ZonaPescaSectorSubSectorArtePesca,IdArtePesca,int,4,0,NULL,PRIMARY KEY
ZonaPescaSectorSubSectorArtePesca,IdZonaPesca,int,4,0,NULL,PRIMARY KEY
